4,1,Fries20.jpg
4,3,Chocolate11.jpg
4,2,Donuts11.jpg
4,3,Chocolate10.jpg
4,3,Chocolate30.jpg
4,2,Donuts22.jpg
4,1,Fries14.jpg
4,1,Fries22.jpg
4,3,Chocolate14.jpg
4,2,Donuts15.jpg
4,1,Fries25.jpg
4,2,Donuts17.jpg
4,3,Chocolate23.jpg
4,1,Fries07.jpg
4,3,Chocolate22.jpg
4,3,Chocolate28.jpg
4,3,Chocolate24.jpg
4,3,Chocolate20.jpg
4,3,Chocolate19.jpg
4,2,Donuts13.jpg
4,1,Fries01.jpg
4,2,Donuts16.jpg
4,2,Donuts25.jpg
4,2,Donuts12.jpg
4,2,Donuts30.jpg
4,3,Chocolate05.jpg
4,2,Donuts09.jpg
4,2,Donuts07.jpg
4,2,Donuts06.jpg
4,1,Fries26.jpg
4,1,Fries02.jpg
4,2,Donuts18.jpg
4,3,Chocolate03.jpg
4,1,Fries15.jpg
4,1,Fries27.jpg
4,2,Donuts03.jpg
4,1,Fries28.jpg
4,2,Donuts19.jpg
4,2,Donuts14.jpg
4,3,Chocolate08.jpg
4,1,Fries04.jpg
4,1,Fries23.jpg
4,2,Donuts10.jpg
4,2,Donuts27.jpg
4,3,Chocolate21.jpg
4,3,Chocolate01.jpg
4,3,Chocolate29.jpg
4,3,Chocolate25.jpg
4,1,Fries19.jpg
4,3,Chocolate12.jpg
4,1,Fries12.jpg
4,2,Donuts04.jpg
4,2,Donuts29.jpg
4,2,Donuts01.jpg
4,3,Chocolate27.jpg
4,1,Fries29.jpg
4,1,Fries18.jpg
4,1,Fries16.jpg
4,3,Chocolate26.jpg
4,1,Fries13.jpg
4,3,Chocolate07.jpg
3,3,Chocolate09.jpg
3,3,Chocolate15.jpg
3,2,Donuts08.jpg
3,2,Donuts23.jpg
3,3,Chocolate16.jpg
3,1,Fries11.jpg
3,1,Fries06.jpg
3,1,Fries17.jpg
3,2,Donuts26.jpg
3,3,Chocolate06.jpg
3,3,Chocolate17.jpg
3,2,Donuts02.jpg
3,1,Fries24.jpg
3,1,Fries09.jpg
3,1,Fries10.jpg
3,1,Fries05.jpg
3,2,Donuts24.jpg
3,1,Fries21.jpg
3,2,Donuts21.jpg
2,1,Fries30.jpg
2,3,Chocolate02.jpg
2,2,Donuts20.jpg
2,2,Donuts05.jpg
2,3,Chocolate04.jpg
1,1,Fries08.jpg
1,2,Donuts28.jpg
1,1,Fries03.jpg
1,3,Chocolate18.jpg
1,3,Chocolate13.jpg
